ID,EV37Mna,EV37Mnb,FCB5a,FCB5b,FCB17a,FCB17b,FCB10a,FCB10b,EV14Pma,EV14Pmb,SW19a,SW19b,RW48a,RW48b,EV94Mna,EV94Mnb,FCB1a,FCB1b,FCB6a,FCB6b,GATA028a,GATA028b,TexVet5a,TexVet5b,MK6a,MK6b,TexVet19a,TexVet19b,FCB14a,FCB14b,RW34a,RW34b,FCB3a,FCB3b,FCB4a,FCB4b
Bel00719,197,201,119,119,161,161,181,183,146,150,NA,NA,126,126,205,211,115,115,168,168,NA,NA,189,189,152,158,160,166,303,303,91,99,134,134,161,175
Bel00197,203,207,119,123,161,163,175,177,128,128,128,138,126,126,205,215,115,117,168,170,105,105,189,189,152,156,166,170,303,305,99,99,134,134,NA,NA
Bel00470,203,203,119,121,161,163,177,181,128,146,130,138,126,126,203,211,115,119,168,170,105,105,189,189,150,156,160,166,303,303,99,99,134,134,NA,NA
Bel00593,203,203,119,119,161,161,181,183,144,144,126,138,126,126,199,215,117,117,168,168,NA,NA,189,189,156,156,166,166,303,303,99,101,134,158,161,161
Bel00464,203,207,119,123,155,163,179,183,144,148,126,138,126,126,207,215,115,117,162,170,105,105,189,189,158,160,166,166,303,303,99,101,134,134,NA,NA
Bel00418,199,201,119,119,153,159,181,183,148,148,126,138,124,126,205,207,115,119,160,166,105,105,189,189,154,156,166,170,301,303,91,99,NA,NA,NA,NA
Bel00461,207,207,119,121,161,163,175,183,144,144,126,126,124,124,203,203,117,117,168,170,105,105,189,189,156,156,160,166,303,303,99,101,148,150,161,165
Bel00241,197,203,119,121,163,163,177,183,148,148,128,130,126,126,199,203,117,119,170,170,105,105,189,193,152,156,166,170,303,303,99,101,NA,NA,NA,NA
Bel00405,197,199,119,123,161,163,179,183,128,144,126,138,124,126,199,207,115,119,168,170,105,105,189,189,152,156,166,166,303,303,99,99,134,134,NA,NA
Bel00205,195,203,119,123,163,163,175,183,144,150,126,138,126,126,215,215,115,119,170,170,105,105,187,189,152,156,166,166,303,303,99,99,134,148,NA,NA
Bel00576,203,205,119,119,161,163,175,183,128,144,128,138,126,126,199,203,115,117,168,170,105,105,189,189,156,160,160,166,303,303,99,101,NA,NA,NA,NA
Bel00281,203,207,119,119,159,161,177,181,144,148,126,128,124,126,199,215,115,117,166,168,NA,NA,189,189,156,156,164,166,303,303,99,99,134,134,161,165
Bel00767,NA,NA,119,119,161,163,175,183,NA,NA,126,128,118,126,199,215,117,117,162,168,105,105,189,193,152,156,160,166,303,305,99,99,134,134,161,165
Bel00096,205,207,119,119,161,163,181,183,148,150,126,126,124,124,205,215,117,119,168,170,NA,NA,187,189,156,156,166,166,303,305,99,99,146,146,161,173
Bel00124,195,197,119,123,161,161,177,177,144,148,138,138,126,126,203,215,115,119,168,168,NA,NA,187,193,156,156,166,166,303,303,91,99,134,148,161,161
Bel00580,203,203,119,123,155,165,175,175,128,150,138,138,126,126,199,215,119,119,162,172,105,105,189,189,152,156,160,164,303,305,99,99,134,142,165,175
Bel00584,207,207,123,123,161,161,181,183,148,148,138,138,126,126,199,215,117,119,168,168,NA,NA,189,189,NA,NA,166,166,303,305,99,101,134,148,165,175
Bel00589,203,205,119,119,161,163,175,183,128,144,128,138,126,126,199,203,115,117,168,170,NA,NA,189,189,156,160,160,166,303,303,99,101,134,148,165,165
Bel00586,203,207,119,119,161,161,177,183,144,144,126,138,126,126,207,215,115,117,168,168,105,105,189,189,152,152,164,166,303,303,91,93,134,146,161,161
Bel00126,195,203,121,123,159,163,183,183,146,148,128,138,126,126,211,215,117,117,166,170,NA,NA,189,189,152,156,166,166,303,305,91,99,134,134,161,165
Bel00098,195,207,119,121,155,163,181,183,144,148,138,138,124,126,207,215,115,117,162,170,NA,NA,189,189,156,160,166,166,303,303,99,99,134,148,165,165
Bel00574,195,207,121,123,161,163,181,183,144,148,126,126,124,126,199,211,117,119,168,170,NA,NA,189,189,152,156,166,166,303,305,99,101,146,148,165,165
Bel01015,203,207,119,123,161,163,177,181,128,144,126,126,126,126,207,215,117,119,168,170,NA,NA,189,189,156,156,160,166,303,303,99,99,134,148,161,173
Bel00824,199,203,119,123,155,163,175,183,144,144,138,138,126,126,199,207,115,117,162,170,105,105,189,189,156,156,166,166,303,305,99,101,134,148,161,161
Bel00753,199,201,119,123,161,163,183,183,148,148,126,138,126,128,199,211,117,117,168,170,105,105,189,189,152,156,166,166,303,303,99,99,134,134,165,173
Bel00407,197,207,123,123,161,163,183,183,144,150,126,126,126,126,215,215,119,119,168,170,105,105,189,189,156,156,160,166,303,305,99,101,148,158,161,165
Bel00188,203,203,119,119,163,163,179,183,148,150,126,128,124,126,203,205,115,117,170,170,NA,NA,189,189,156,156,166,166,303,303,99,99,134,158,NA,NA
Bel00595,203,203,119,119,161,161,183,183,148,150,126,138,124,126,199,215,117,117,168,168,105,105,189,191,152,152,164,166,303,303,99,99,134,158,NA,NA
Bel00822,203,203,119,123,159,161,183,183,144,150,138,138,126,126,207,215,115,115,168,168,105,105,187,189,156,160,166,166,303,303,91,101,148,152,173,175
Bel00953,203,207,119,123,161,179,177,177,148,148,126,140,126,126,205,215,117,117,168,186,105,105,189,193,152,152,160,166,303,303,99,99,NA,NA,NA,NA
Bel00824,199,203,119,123,155,163,175,183,144,144,138,138,126,126,199,207,115,117,162,170,105,105,189,189,156,156,166,166,303,305,99,101,134,148,161,161
Bel00812,203,207,119,119,161,163,177,183,144,144,128,138,126,126,207,213,115,119,168,170,105,105,189,189,152,156,166,166,303,305,99,99,146,148,161,161
Bel00715,195,207,119,119,163,163,183,183,146,150,126,138,126,126,203,215,117,117,170,170,NA,NA,189,189,152,158,160,166,303,303,91,99,134,146,161,175
Bel01018,203,203,123,123,155,163,181,183,144,144,126,128,124,126,203,205,115,117,162,170,105,105,187,189,150,156,166,166,303,303,91,101,134,134,161,165
Bel00820,197,203,119,119,163,163,183,183,128,148,126,138,126,126,203,215,117,119,170,170,105,105,189,189,156,156,160,160,303,303,99,101,158,158,161,165
Bel01000,203,207,119,123,155,163,183,183,144,148,138,138,126,126,199,203,115,117,162,170,105,105,189,189,152,156,160,166,303,305,91,101,NA,NA,NA,NA
Bel00247,203,203,119,119,163,163,183,183,144,150,126,138,126,126,205,211,117,117,170,170,105,105,189,191,152,160,160,166,303,303,99,99,146,152,NA,NA
Bel00994,199,207,119,119,155,163,177,179,144,144,126,126,126,128,199,205,117,117,162,170,105,105,189,189,156,156,166,166,303,303,99,101,NA,NA,NA,NA
Bel00083,195,203,119,123,161,163,177,183,144,150,126,130,126,126,203,203,115,117,168,170,NA,NA,187,189,156,160,166,166,303,303,99,101,134,152,161,165
Bel00747,195,207,119,119,163,163,179,183,128,144,138,138,124,126,203,203,117,117,170,170,105,105,189,193,152,156,166,166,305,305,91,99,134,148,161,165
Bel00635,207,207,123,123,161,163,175,179,148,150,126,126,124,126,199,211,115,117,168,170,NA,NA,187,187,156,156,166,166,303,303,99,101,134,134,161,161
Bel00635,207,207,123,123,161,163,NA,NA,148,150,126,126,124,126,199,211,115,117,168,170,NA,NA,187,187,156,156,166,166,303,303,99,101,134,134,161,161
Bel00759,NA,NA,119,121,161,163,177,183,144,148,128,138,126,126,203,215,117,117,170,170,105,105,189,193,152,152,160,160,303,305,99,99,134,146,161,173
Bel00757,203,207,119,119,155,163,175,179,144,148,126,126,126,126,203,215,117,119,162,170,105,105,189,189,156,156,160,166,305,305,91,99,134,134,161,161
Bel00739,203,203,119,119,155,161,183,183,128,148,126,128,126,126,207,215,115,117,162,168,NA,NA,187,189,156,156,160,166,303,303,99,99,134,146,161,173
Bel00335,203,203,119,119,161,161,177,177,144,144,138,138,126,126,203,211,115,117,168,168,105,105,189,189,156,156,166,166,303,303,91,99,134,148,NA,NA
Bel00161,201,203,119,123,159,163,183,183,148,148,128,138,126,126,199,203,117,117,166,170,NA,NA,189,189,152,156,166,166,303,305,99,101,144,150,161,165
Bel00812,203,207,119,119,161,163,177,183,144,144,128,138,126,126,207,213,115,119,168,170,105,105,189,189,152,156,166,166,303,305,99,99,146,148,161,161
Bel00383,207,207,123,123,161,161,183,183,144,146,138,138,126,126,203,215,115,117,168,168,105,105,187,191,152,156,166,166,303,305,99,101,134,134,NA,NA
Bel00200,195,207,119,119,163,163,181,183,128,144,126,138,126,126,211,215,117,119,170,170,105,105,189,191,152,152,160,166,305,305,99,101,NA,NA,NA,NA
